model,term,median_or,ci95_lower,ci95_upper,rhat,ess_basic
Model 1,Male vs female,1.446,1.231,1.719,1.002,1600
Model 1,Age 24-35 vs 0-5,2.955,2.099,4.200,1.002,671
Model 1,Middle vs poorest,0.580,0.416,0.787,1.000,1222
Model 1,Richer vs poorest,0.537,0.384,0.775,0.999,1101
Model 1,Richest vs poorest,0.245,0.154,0.383,0.999,1600
Model 1,Rural vs urban,0.888,0.689,1.133,1.005,1600
Model 2 full,Unimproved water,1.360,1.052,1.781,1.000,1200
Model 2 full,Unimproved/no sanitation,1.158,0.911,1.447,1.007,1200
Model 2 harmonized,Unimproved water,1.512,1.163,1.985,0.999,1200
Model 2 harmonized,Unimproved/no sanitation,1.127,0.865,1.446,1.000,1200
Model 3,Male vs female,1.504747,1.244183,1.820032,1.001412,6871.366764
Model 3,Age 24-35 vs 0-5,2.914502,2.056237,4.209797,1.000973,3302.250468
Model 3,Richest vs poorest,0.360608,0.197416,0.638509,1.000347,3669.900840
Model 3,Rural vs urban,0.845483,0.636423,1.115961,0.999520,4860.829037
Model 3,Unimproved water,1.498235,1.148265,1.987154,1.000841,5443.688785
Model 3,Unimproved/no sanitation,1.118779,0.856000,1.457976,1.001631,6097.727964
Model 3,Primary vs no maternal education,1.024975,0.750966,1.408355,1.000472,5645.228939
Model 3,Secondary vs no maternal education,0.889550,0.679508,1.143178,1.000394,5227.302719
Model 3,Higher vs no maternal education,0.366645,0.197109,0.648422,1.002068,6029.814707
