model,chains,draws_per_chain,full_parameter_elements_checked,max_rhat,min_bulk_ess,min_tail_ess,min_bfmi,divergences,max_depth_hits,status
Model 1,4,1000,8357,1.0108845210746797,485.4908487681418,533.4252030117644,0.49585171379945686,0,0,FAIL
Model 2 full,4,1000,8359,1.0116199194676625,650.933368019937,1041.6708183412577,0.5151000669822642,0,0,FAIL
Model 2 harmonized,4,1000,7835,1.010416585755751,568.3350303960818,534.1252197218457,0.5087490575445663,0,0,FAIL
Age spline sensitivity,4,1000,7832,1.0127509835715731,447.13600405077574,611.6215884712029,0.5315772291877607,0,0,FAIL
Detailed WASH sensitivity,4,1000,7835,1.015940309361142,499.84919277787037,748.0628066783992,0.5243293091484533,0,0,FAIL
Model 3,4,1000,7838,1.0098454361690758,456.29390885032063,513.6265456819758,0.48188429092969737,0,0,PASS_PENDING_SCIENTIFIC_REVIEW
Tight prior sensitivity,4,1000,7833,1.011931329793278,456.3666472995505,619.8697378964883,0.5155501443252698,0,0,FAIL
Wide prior sensitivity,4,1000,7833,1.011402866490319,419.2148899227307,687.5939540617031,0.5121921527761246,0,0,FAIL
Survey-weight sensitivity,4,1500,7833,1.0081360618854025,425.2784564717296,1064.84800228474,0.7619248913417684,0,0,PASS_PENDING_SCIENTIFIC_REVIEW
